timestamp,experiment,train_acc,val_acc,test_acc,epochs,seed,model_path,notes,time_s
20251104_065338,ISL_Baseline,0.988104308501487,0.9872198191112859,0.9893826189539914,20,42,/content/drive/MyDrive/SignLang_Transfer_Project/models/pretrained/isl_pretrained_20251104_065338.pth,ISL pretrained,49.5
20251104_065416,Bengali_Baseline,0.7797850985948754,0.7554296506137866,0.7554296506137866,20,42,/content/drive/MyDrive/SignLang_Transfer_Project/models/baseline/bengali_baseline_20251104_065416.pth,baseline,10.1
20251104_065426,ISL_to_Bengali,0.7187389302160822,0.6789423984891407,0.6949952785646837,30,42,/content/drive/MyDrive/SignLang_Transfer_Project/models/finetuned/isl_to_bengali_20251104_065426.pth,transfer from ISL,10.1
20251104_065449,Bengali_Baseline,0.7797850985948754,0.7554296506137866,0.7554296506137866,20,42,/content/drive/MyDrive/SignLang_Transfer_Project/models/baseline/bengali_baseline_20251104_065449.pth,baseline,10.8
20251104_065459,ISL_to_Bengali,0.7187389302160822,0.6789423984891407,0.6949952785646837,30,42,/content/drive/MyDrive/SignLang_Transfer_Project/models/finetuned/isl_to_bengali_20251104_065459.pth,transfer from ISL,9.3
20251104_065514,Bengali_Baseline,0.7797850985948754,0.7554296506137866,0.7554296506137866,20,42,/content/drive/MyDrive/SignLang_Transfer_Project/models/baseline/bengali_baseline_20251104_065514.pth,baseline,10.6
20251104_065525,ISL_to_Bengali,0.7187389302160822,0.6789423984891407,0.6949952785646837,30,42,/content/drive/MyDrive/SignLang_Transfer_Project/models/finetuned/isl_to_bengali_20251104_065525.pth,transfer from ISL,10.5
20251104_070325,Bengali_Baseline,0.782973196363207,0.728989612842304,0.7403210576015109,20,42,/content/drive/MyDrive/SignLang_Transfer_Project/models/baseline/bengali_baseline_20251104_070325.pth,baseline,9.4
20251104_070335,ISL_to_Bengali,0.7231078049356476,0.6855524079320113,0.7129367327667611,30,42,/content/drive/MyDrive/SignLang_Transfer_Project/models/finetuned/isl_to_bengali_20251104_070335.pth,transfer from ISL,9.6
20251104_070611,Bengali_Baseline,0.782973196363207,0.728989612842304,0.7403210576015109,20,42,/content/drive/MyDrive/SignLang_Transfer_Project/models/baseline/bengali_baseline_20251104_070611.pth,baseline,10.5
20251104_070621,ISL_to_Bengali,0.7231078049356476,0.6855524079320113,0.7129367327667611,30,42,/content/drive/MyDrive/SignLang_Transfer_Project/models/finetuned/isl_to_bengali_20251104_070621.pth,transfer from ISL,9.6
20251104_070811,Bengali_Baseline,0.9423780847797851,0.7762039660056658,0.7790368271954674,20,42,/content/drive/MyDrive/SignLang_Transfer_Project/models/baseline/bengali_baseline_20251104_070811.pth,baseline,10.2
20251104_070821,ISL_to_Bengali,0.9185263903648601,0.8073654390934845,0.826251180358829,30,42,/content/drive/MyDrive/SignLang_Transfer_Project/models/finetuned/isl_to_bengali_20251104_070821.pth,transfer from ISL,9.8
20251104_071741,ISL_Baseline,0.9916189446260476,0.9632324026740071,0.9596932756586709,20,42,/content/drive/MyDrive/SignLang_Transfer_Project/models/pretrained/isl_pretrained_20251104_071741.pth,ISL pretrained,51.4
20251104_071819,Bengali_Baseline,0.9423780847797851,0.7762039660056658,0.7790368271954674,20,42,/content/drive/MyDrive/SignLang_Transfer_Project/models/baseline/bengali_baseline_20251104_071819.pth,baseline,10.9
20251104_071830,ISL_to_Bengali,0.8905419766206164,0.8215297450424929,0.8432483474976393,30,42,/content/drive/MyDrive/SignLang_Transfer_Project/models/finetuned/isl_to_bengali_20251104_071830.pth,transfer from ISL,10.0
20251104_072906,Assamese_Baseline,1.0,0.9949748743718593,0.99,20,42,/content/drive/MyDrive/SignLang_Transfer_Project/models/baseline/assamese_baseline_20251104_072906.pth,baseline,2.0
20251104_072908,ISL_to_Assamese,0.9993722536095417,1.0,0.99,30,42,/content/drive/MyDrive/SignLang_Transfer_Project/models/finetuned/isl_to_assamese_20251104_072908.pth,transfer from ISL,1.8
20251104_073819,Bengali_to_Assamese,1.0,1.0,0.995,30,42,/content/drive/MyDrive/SignLang_Transfer_Project/models/finetuned/bengali_to_assamese_20251104_073819.pth,transfer from Bengali,1.9
20251104_074129,Bengali_to_Assamese,1.0,1.0,0.995,30,42,/content/drive/MyDrive/SignLang_Transfer_Project/models/finetuned/bengali_to_assamese_20251104_074129.pth,transfer from Bengali,2.0
